,0
TACGTAGGTGGCAAGCGTTATCCGGATTTATTGGGTGTAAAGGGCGTGTAGGCGGGAATGCAAGTCAGATGTGAAAACTCAGGGCTCAACCCTGAGCCTGCATTTGAAACTGTATTTCTTGAGTGTTGGAGAGGCAATCGGAATTCCGTG,0.9510557
TACGAAGGGTGCAAGCGTTAATCGGAATTACTGGGCGTAAAGCGCGCGTAGGTGGTTCAGTAAGTTGGATGTGAAATCCCCGGGCTCAACCTGGGAACTGCATCCAAAACTGCTGAACTAGAGTACGGTAGAGGGTGGTGGAATTTCCTG,0.9365525
TACGTAGGGTGCGAGCGTTAATCGGAATTACTGGGCGTAAAGCGTGCGCAGGCGGTTTTGTAAGTCAGATGTGAAATCCCCGAGCTCAACTTGGGAACTGCGTTTGAAACTACAAGACTAGAATATGTCAGAGGGGGGTAGAATTCCACG,0.88296205
TACGGAGGATGCGAGCGTTATCCGGATTTACTGGGTGTAAAGGGCGTGTAGGCGGGAAAGCAAGTCAGATGTGAAAACCATGGGCTCAACCTGTGGCCTGCATTTGAAACTGTTTCCCTTGAGTGTCGGAGAGGTCATCGGAATTCCTTG,0.8827868
TACGGAGGATGCGAGCGTTATCCGGATTTATTGGGTTTAAAGGGTGCGTAGGCGGCTTTGCAAGTCAGAAGTGAAATCTATGGGCTTAACCCATAAACTGCTTTTGAAACTGCAGGGCTTGAGTGAAGTAGAGGTAGGCGGAATGCGTGG,0.87446284
TACGTAGGTGGCAAGCGTTGTCCGGATTTACTGGGTGTAAAGGGCGTGTAGCCGGGCCGGCAAGTCAGATGTGAAATCCCAAGGCTCAACCTTGGAACTGCATTTGAAACTGTAGTTCTTGAGTACTGGAGAGGCAGACGGAATTCCTAG,0.87141186
TACGTAGGGGGCAAGCGTTATCCGGATTTACTGGGTGTAAAGGGGGCGCAGACGGCGATGCAAGCCTGATGTGAAAGCCCGCGGCCCAACCGCGGGACTGCATTGGGAACTACCGGGCTGGAGTGCCGGAGAGGTAGGCGGACTTCCTAG,0.86671823
TACGGAGGATGCGAGCGTTATCCGGATTTATTGGGTTTAAAGGGTGCGTAGGCGGACTGTCAAGTCAGCGGTAAAATTGAGAGGCTCAACCTCTTCCCGCCGTTGAAACTGTAAGTCTAGAGTGCAGGAGAGGAGAATGGAATTCCTAGT,0.86412907
TACGTATGGTGCAAGCGTTGTCCGGAATTACTGGGTGTAAAGGGCGTGTAGGCGGGAGAGCAAGTCAGATGTGAAAACTACAGGCTTAACCTGTAGCCTGCATTTGAAACTGTTCTTCTTGAGTGATGGAGAGGCAGGCGGAATTCCTAG,0.8564499
TACGTAGGGGGCAAGCGTTATCCGGATTTACTGGGTGTAAGGGGGCGCAGACGGCGATGCAAGCCAGGAGTGAAAGCCCGGGGCTCAACTCCGGGACTGCTTTTGAAACTGTGTTGCTAGATTGCAGGAGAGGTAAGTGGAATTCCTAGT,0.8527112
TACGGAGGATGCGAGCGTTATCCGGATTTATTGGGTTTAAAGGGTGCGTAGGCGGACAGTTAAGTCAGCGGTAAAATTGAGAGGCTCAACCTCTTCCCGCCGTTGAAACTGTTTTTCTTGAGTGCTGGAGAGGCAATCGGAATTCCGTGT,0.84397197
TACGGAGGATGCGAGCGTTATCCGGATTTATTGGGTGTAAAGGGAGCGTAGACGGCATGGCAAGTCAGATGTGAAAGCCCGGGGCCCAACCCCGGGACTGCTCTTGGAACTGCGTGGCTGGAGTGCAGGAGGGGCAGGCGGAATTCCTGG,0.843951
TACGTAGGTGGCAAGCGTTATCCGGATTTACTGGGTGTAAAGGGCGTGTAGGCGGGCTTGCAAGTCAGATGTGAAATTCCATGGCTCAACCGTGGAACTGCATTTGAAACTGTAGGTCTTGAGTGCTGGAGAGGCAATCGGAATTCCGTG,0.8358883
TACGTAGGTGGCAAGCGTTGTCCGGAATTACTGGGTGTAAAGGGAGCGCAGGCGGAACTGCAAGTTGGGTGTTTAATCTACGGGCTCAACCCGTATCAGCATTCAAAACTGTGGTTCTTGAGTAATGCAGAGGTAGGCGGAATTCCCGGT,0.8289902
TACGTAGGTGGCAAGCGTTATCCGGATTTACTGGGTGTAAAGGGAGCGTAGACGGCGTGCCAAGTCTGATGTGAAAGGCCGGGGCTCAACCCCGGGACTGCCCTTGGAACTGCATGGCTGGAGTGCGGGAGGGGCAGGCGGAATTCCTGG,0.81290025
TACGGAGGATGCGAGCGTTATCCGGATTTACTGGGTGTAAAGGGCGTGTAGGCGGGACTGCAAGTCAGATGTGAAAACCACGGGCTCAACCTGTGGCCTGCATTTGAAACTGTAGTTCTTGAGTACTGGAGAGGCAGACGGAATTCCTAG,0.8121888
TACGTAGGTGGCAAGCGTTATCCGGATTTACTGGGTGTAAAGGGCGTGTAGGCGGGAGAGCAAGTCAGACGTGAAATTCCAGGGCTCAACCCTGGAACTGCGTTTGAAACTGTTCTTCTTGAGTGATGGAGAGGCAGGCGGAATTCCTGG,0.81154466
TACGGAGGATGCGAGCGTTATCCGGATTTACTGGGTGTAAAGGGGGCGCAGACGGCGATGCAAGCCAGGAGTGAAAGCCCGGGGCCCAACCCCGGTACTGCATTGGAAACTGTCGGACTAGAGTGTCGGAGGGGTAAGTGGAATTCCTAG,0.802778
TACGTAGGGGGCGAGCGTTATCCGGATTCACTGGGCGTAAAGGGAGCGCAGGCGGCACGGCAAGTCCGGTGTGAAAGCCCGGGGCCCAACCCCGGGACTGCACTGGAAACTGCCGGGCTAGAGTGCAGGAGGGGCAGGCGGAATTCCTAG,0.799279
TACGTAGGTGGCGAGCGTTGTCCGGATTTACTGGGTGTAAAGGGAGCGTAGACGGTGAGACAAGTCTGAAGTGAAAGCCCGGGGCCCAACCCCGGGACTGCTCTGGGAACTGTGCGGCTGGAGTGCGGGAGGGGCAGGCGGAATTCCTGG,0.7954016
TACGTAGGGGGCAAGCGTTATCCGGATTTACTGGGTGTAAAGGGAGCGTAGACGGTATGGCAAGTCTGATGTGAAAACCCGGGGCTCAACCCCGGGACTGCATTGGAAACTGTCGGACTAGAGTGTCGGAGAGGCAAGTGGAATTCCTAG,0.7904448
TACGTAGGTGGCAAGCGTTATCCGGATTTACTGGGTGTAAAGGGCGTGTAGGCGGGGAAGCAAGTCAGATGTGAAATTCCAGGGCTCAACCCTGGAACTGCGTTTGAAACTGTTCTTCTTGAGTGATGGAGAGGCAGGCGGAATTCCGTG,0.7892601
TACGTATGGTGCAAGCGTTATCCGGATTTACTGGGTGTAAAGGGAGCGCAGGCGGTTCTGCAAGTCTGATGTGAAAGCCCGGGGCTCAACCCTGGGACTGCTTTGGAAACTGTGGAGCTAGAGTGCTGGAGAGGTAAGTGGAATTCCTAG,0.78583145
GACGTAGGATGCGAGCGTTGTCCGGATTTATTGGGCGTAAAGAGTTCGTAGGTGGTTTGTTAAGTTTGGTGTTAAAGATCGGGGCTCAACCCTGGGACTGCACTGAATACTGGCAGACTCGAGTGTGGTAGAGGCTAGTGGAATTCCCAG,0.7798365
TACGTAGGGGGCAAGCGTTATCCGGATTTACTGGGTGTAAAGGGAGCGTAGACGGTGATGCAAGTCAGAAGTGAAAGCCCGCGGCTCAACTGCGGGACTGCTTTTGAAACTGTATAACTAGAGTGCAGGAGAGGTAAGCGGAATTCCTAG,0.76740223
TACGTATGGGGCAAGCGTTATCCGGATTTACTGGGTGTAAAGGGAGCGCAGGCGGCCTGGCAAGCCTGATGTGAAATACCGGGGCCCAACCCCGGGGCTGCATTGGGAACTGCCAGGCTGGAGTGCCGGAGAGGCAGGCGGAATTCCTGG,0.76732284
TACGGAGGATGCGAGCGTTATCCGGATTTACTGGGTGTAAAGGGGGCGCAGACGGCGATGCAAGCCAGGAGTGAAAGCCCGGGGCCCAACCCCGGGACTGCTTTTGAAACTGTTGAACTAGATTGCAGGAGAGGTAAGCGGAATTCCTAG,0.76556253
TACGGAGGATGCGAGCGTTATCCGGATTTATTGGGTGTAAAGGGCGTGTAGGCGGGAATGCAAGTCAGATGTGAAAACTATGGGCTCAACCCATAGCCTGCATTTGAAACTGTATTTCTTGAGTGCTGGAGAGGCAATCGGAATTCCGTG,0.7605219
TACGTTTGGAGCTAGCGTTGTTCGGAATTATTGGGTGTAAAGGGCGTCTAGGCGGGAGATTAAGTTAGATGTGAAAGGCGTGGGCTCAACCCGCGAACTGCATCTAAAACTGGTTTTCTTGAGTTCGGGAGAGGAGAGCGGAATTCCTGG,0.7604255
TACGTAGGTGGCAAGCGTTATCCGGATTTACTGGGTGTAAAGGGCGTGTAGGCGGGAAAGCAAGTCAGATGTGAAAACCATGGGCTCAACCTGTGGCCTGCATTTGAAACTGTTGAACTAGATTGCAGGAGAGGTAAGTGGAATTCCTAG,0.7564208
TACGGAGGATGCGAGCGTTATCCGGATTTATTGGGTTTAAAGGGTGCGTAGGCGGGATGGCAAGTTGGGTGTTAAATCTACCGGCTCAACTGGTAGTCGCACTCAAAACTGCTATTCTTGAGTGAAGTAGAGGCAGGCGGAATTCCTCGT,0.75336695
TACGTAGGGAGCGAGCGTTGTCCGGATTTACTGGGTGTAAAGGGCGTGTAGGCGGAGCTGCAAGTCAGAAGTGAAATCTCCGGGCTCAACCCGGAAACTGCTTTTGAAACTGTAGCCCTTGAGTATCGGAGAGGCAGGCGGACTTCCTAG,0.7509206
TACGTAGGGGGCAAGCGTTATCCGGATTTACTGGGTGTAAAGGGAGCGTAGACGGAATAGCAAGTCTGATGTGAAAACCCGGGGCTCAACTCCGGGAGTGCATTGGAAACTGTTGATCTAGAGTGTCGGAGGGGTAAGTGGAATTCCTAG,0.75080436
TACGTAGGTGGCGAGCGTTGTCCGGAATTACTGGGTGTAAAGGGCGTGTAGGCGGGTAGATAAGTCAGATGTGAAATACCGGGGCTCAACCCCGGGGCTGCATTTGAAACTGTCAATCTTGAGTGCCGGAGCGGAAAGCGGAATTCCTAG,0.7491625
TACAGAGGGTGCAAGCGTTAATCGGAATTACTGGGCGTAAAGCGAGCGTAGGTGGCTTGATAAGTCAGATGTGAAAGCCCCGGGCTCAACCTGGGAACGGCATCTGATACTGTTAGGCTAGAGTAGGTGAGAGGAAGGTAGAATTCCAGG,0.74913055
TACGGAGGATGCGAGCGTTATCCGGATTTACTGGGTGTAAAGGGAGCGTAGACGGCGATGCAAGTCTGAAGTGAAAGGCGGGGGCCCAACCCCCGGACTGCTTTGGAAACTGTATGGCTGGAGTGCAGGAGAGGTAAGTGGACTTCCTAG,0.7468031
TACGGAGGATGCGAGCGTTATCCGGATTTATTGGGCGTAAAGCGAGCGCAGGTGGTTTATTAAGTCTGGTGTAAAAGGCAGTGGCTCAACCATTGTATGCATTGGAAACTGGTAGACTTGAGTGGATGAGAAGTACGCGGAATGCGTGGT,0.7467642
TACGTATGGAGCAAGCGTTATCCGGATTTACTGGGTGTAAAGGGAGCGCAGGCGGTCTGGCAAGTCTGATGTGAAAGCCCGGGGCCCAACCCCGGGACTGCTCTTGAAACTGTTGGTCTTGAGTATCGGAGAGGCAGGCGGAATTCCTAG,0.7435766
TACGGAGGATGCGAGCGTTATCCGGATTTATTGGGTTTAAAGGGTGCGTAGGCGGTTCTGCAAGTCTGAAGTGAAAGCCCGTGGCTTAACCGCGGAACGGCTTTGGAAACTGTGGAACTGGAGTGCTGGAGAGGCAAGCGGAATTCCTAG,0.73340243
TACGTATGGAGCAAGCGTTATCCGGAATTACTGGGTGTAAAGGGAGCGTAGACGGATCTGCAAGTCTGATGTGAAAGGCGGGGGCTCAACTCCTGGACTGCATTGGAAACTGTAGATCTTGAGTGCCGGCGAGGTAAGCGGAATTCCTAG,0.73257995
TACGTATGGTGCAAGCGTTATCCGGATTTACTGGGTGTAAAGGGAGCGTAGACGGCGTGCCAAGTCTGGTGTGAAAGGCCGGGGCTCAACCCCGGGACTGCTCTTGGAACTGCGTGGCTGGAGTGCAGGAGGGGCAGGCGGAATTCCTGG,0.7317426
TACGGAGGATGCGAGCGTTATCCGGATTTATTGGGTGTAAAGGGAGCGTAGACGGCGATGCAAGTCTGAAGTGAAAGCCCGGGGCTCAACCCCGGGACTGCTTTGGAAACTGTATGGCTGGAGTGCTGGAGGGGCAGGCGGAATTCCTGG,0.7308777
TACGGAGGATCCAAGCGTTATCCGGAATCATTGGGTTTAAAGGGTCCGTAGGCGGTCTTATAAGTCAGTGGTGAAATCTCCTAGCTCAACTAGGAAACTGCCATTGATACTGTAAGACTTGAATTTTTGTGAAGTAACTAGAATATGTAG,0.7293946
TACGTAGGGTGCGAGCGTTAATCGGAATTACTGGGCGTAAAGCGAGCGCAGACGGTTACTTAAGCAGGATGTGAAATCCCCGGGCTTAACCTGGGAACTGCGTTCTGAACTGGGTGGCTAGAGTATGTCAGAGGGGGGTAGAATTCCACG,0.72909003
TACGTAGGTGGCAAGCGTTATCCGGATTTACTGGGTGTAAAGGGCGTGTAGGCGGGAGAGCAAGTCTGGAGTGAAACGCATGAGCTCAACTCATGCATGGCTTTGGAAACTGGAGGACTGGAGAGCAGGAGAGGGCGGTGGAACTCCATG,0.72328275
TACGTAGGGGGCGAGCGTTGTCCGGAATTATTGGGCGTAAAGCGCGCGCAGGCGGTCTCTTAAGTCTGATGTGAAAGCCCACGGCTCAACCGTGGAGGGTCATTGGAAACTGGGGGACTTGAGGGCAGGAGAGGAGAGCGGAATTCCACG,0.7216587
TACGGAGGAGGCAAGCGTTATCCGGAATTATTGGGCGTAAAGCGTCCGTAGGTGGTTGTTCAAGTCCATTGTCAAAGCGTGAGGCTTAACCTCATATCGGCAGTGGAAACTGAGCGACTGGAGTGCGACAGGGGTAAGGGGAATTCCTAG,0.7200306
TACGGAGGATCCGAGCGTTATCCGGATTTATTGGGTTTAAAGGGAGCGTAGATGGATGTTTAAGTCAGTTGTGAAAGTTTGCGGCTCAACCGTAAAATTGCAGTTGATACTGGATGTCTTGAGTGCAGTTGAGGCAGGCGGAATTCTTGG,0.7180424
TACGGAGGATCCGAGCGTTATCCGGATTTATTGGGTTTAAAGGGAGCGTAGGCGGGTTGTTAAGTCAGTTGTGAAAGTTTGCGGCTCAACCGTAAAATTGCAGTTGATACTGGCGACCTTGAGTGCAACAGAGGTAGGCGGAATTCGTGG,0.71769834
TACGTAGGGGGCAAGCGTTATCCGGATTTACTGGGTGTAAAGGGAGCGTAGACGGCAGCGCAAGTCTGGAGTGAAATCCCATGGCTTAACCATGGAACTGCTTTGGAAACTGTGCAGCTGGAGTGCAGGAGAGGTAAGCGGACTTCCTAG,0.7174421
TACAGAGGGTGCGAGCGTTAATCGGATTTACAGGGCGTAAAGCGTGCGTAGGCGGCTTTTTAAGTCGGATGTGAAATCCCTGAGCTTAACTTAGGAATTGCATTCGATACTGGGAAGCTAGAGTATGGGAGAGGATGGTAGAATTCCAGG,0.716722
